AfsmHighMedMags;;;;;;;;;;;;;;;;;;;;;;;;;;;;;
Bin Id ;GTDB ;Marker lineage;# genomes;# markers;# marker sets;Completeness;Contamination;Strain heterogeneity;Genome size (bp);# ambiguous bases;# scaffolds;# contigs;N50 (scaffolds);N50 (contigs);Mean scaffold length (bp);Mean contig length (bp);Longest scaffold (bp);Longest contig (bp);GC;GC std (scaffolds > 1kbp);Coding density;Translation table;# predicted genes;0;1;2;3;4;5
JW002.metabat.12;"d__Bacteria;p__Actinomycetota;c__Acidimicrobiia;o__Acidimicrobiales;f__JAHWLA01;g__;s__";k__Bacteria (UID1453);901;171;117;96,33;4,04;11,11;3939217;0;269;269;22693;22693;14643;14643;131198;131198;71,8;1,45;92,6;11;3970;7;155;9;0;0;0
JW003.metabat.1;"d__Archaea;p__Thermoproteota;c__Nitrososphaeria;o__Nitrososphaerales;f__Nitrososphaeraceae;g__Nitrososphaera;s__ ";k__Archaea (UID2);207;145;103;97,25;0,97;0;1545138;0;155;155;13952;13952;9968;9968;38525;38525;51,3;1,5;84,6;11;2006;5;139;1;0;0;0
JW011.metabat.2;"d__Bacteria;p__Actinomycetota;c__Rubrobacteria;o__Rubrobacterales;f__Rubrobacteraceae;g__Rubrobacter_D;s__ ";p__Actinobacteria (UID1454);732;196;114;55,56;3,32;0;2657828;0;883;883;3223;3223;3009;3009;11679;11679;64,8;1,68;87,72;11;3389;91;99;6;0;0;0
JW012.maxbin.002;"d__Bacteria;p__Acidobacteriota;c__Thermoanaerobaculia;o__Gp7-AA8;f__Gp7-AA8;g__QHVT01;s__";k__Bacteria (UID3187);2258;188;117;65,92;2,85;14,29;4041366;0;1452;1452;2901;2901;2783;2783;10200;10200;64,2;2,03;92,14;11;4351;60;121;7;0;0;0
JW013.maxbin.001;"d__Bacteria;p__Actinomycetota;c__Thermoleophilia;o__Solirubrobacterales;f__Solirubrobacteraceae;g__Palsa-465;s__";p__Actinobacteria (UID1454);732;200;117;91,28;2,56;0;3830904;0;458;458;16198;16198;8364;8364;79370;79370;66,9;1,83;91,07;11;3914;20;177;3;0;0;0
JW013.metabat.14;"d__Bacteria;p__Actinomycetota;c__Acidimicrobiia;o__Acidimicrobiales;f__JAJPHE01;g__;s__";k__Bacteria (UID1453);901;171;117;68,15;2,14;33,33;2329075;0;761;761;3328;3328;3060;3060;15937;15937;72,9;1,9;90,73;11;2704;58;110;3;0;0;0
JW016.maxbin.004;"d__Bacteria;p__Chloroflexota;c__UBA5177;o__UBA5177;f__UBA5177;g__UBA5177;s__";k__Bacteria (UID1452);924;151;101;92,57;5,94;0;3997120;0;464;464;14959;14959;8614;8614;76092;76092;61;1,28;90,61;11;4136;10;135;6;0;0;0
JW016.maxbin.009_sub;"d__Bacteria;p__Chloroflexota;c__Ktedonobacteria;o__Ktedonobacterales;f__JADMIN01;g__JAJPKE01;s__";k__Bacteria (UID1452);924;151;101;80,86;2,09;25;4548062;0;1069;1069;5234;5234;4254;4254;26330;26330;65,3;1,8;85,73;11;4556;21;126;4;0;0;0
JW016.metabat.11_sub;"d__Bacteria;p__Chloroflexota;c__Ktedonobacteria;o__Ktedonobacterales;f__Ktedonobacteraceae;g__CADDYT01;s__";k__Bacteria (UID1452);924;151;101;51,28;6,11;12,5;3201786;0;601;601;5692;5692;5327;5327;18245;18245;56,2;1,4;88,89;11;3130;74;71;5;1;0;0
JW016.metabat.15;"d__Bacteria;p__Chloroflexota;c__Chloroflexia;o__Thermomicrobiales;f__Thermomicrobiaceae;g__Nitrolancea;s__ ";k__Bacteria (UID1452);924;159;107;73,79;6,96;18,18;3904495;0;975;975;4716;4716;4004;4004;19872;19872;66,7;1,65;86,79;11;4231;39;113;5;2;0;0
JW016.metabat.16_sub;"d__Bacteria;p__Pseudomonadota;c__Alphaproteobacteria;o__Acetobacterales;f__Acetobacteraceae;g__;s__ ";o__Rhodospirillales (UID3754);63;336;201;70,17;1,31;14,29;3018201;0;942;942;3452;3452;3204;3204;16749;16749;71;2,17;92,19;11;3408;89;240;7;0;0;0
JW016.metabat.18;"d__Bacteria;p__Actinomycetota;c__Thermoleophilia;o__Solirubrobacterales;f__Solirubrobacteraceae;g__Palsa-465;s__";p__Actinobacteria (UID1454);732;200;117;94,87;1,71;0;4798206;0;537;537;14627;14627;8935;8935;99757;99757;66,6;1,5;89,93;11;4992;16;181;3;0;0;0
JW016.metabat.24_sub;"d__Bacteria;p__Chloroflexota;c__UBA5177;o__UBA5177;f__UBA5177;g__;s__";k__Bacteria (UID1452);924;151;101;87,9;0,99;0;3976722;0;339;339;17526;17526;11730;11730;123302;123302;63,9;1,35;91;11;3922;17;133;1;0;0;0
JW016.metabat.27_sub;"d__Bacteria;p__Dormibacterota;c__Dormibacteria;o__Dormibacterales;f__Dormibacteraceae;g__;s__ ";p__Actinobacteria (UID1454);732;199;116;73,55;2,8;0;3751121;0;612;612;8677;8677;6129;6129;49557;49557;70;1,83;90,79;11;4047;61;129;8;1;0;0
JW016.metabat.30;"d__Bacteria;p__Actinomycetota;c__Acidimicrobiia;o__Acidimicrobiales;f__JAJPHE01;g__;s__";k__Bacteria (UID1453);901;171;117;65,64;4,44;0;2041619;0;708;708;3071;3071;2883;2883;10742;10742;73,7;1,83;91,36;11;2446;61;102;8;0;0;0
JW016.metabat.35;"d__Bacteria;p__Actinomycetota;c__Actinomycetia;o__Propionibacteriales;f__Nocardioidaceae;g__Marmoricola;s__ ";o__Actinomycetales (UID1697);387;330;193;93,04;5,18;25;3625967;0;480;480;12378;12378;7554;7554;65563;65563;71,5;1,83;93,65;11;3785;37;275;17;1;0;0
JW016.metabat.5_sub;"d__Bacteria;p__Chloroflexota;c__UBA5177;o__UBA5177;f__UBA5177;g__;s__";k__Bacteria (UID1452);924;151;101;88,78;1,98;0;3713692;0;306;306;18172;18172;12136;12136;56770;56770;59,4;1,49;90,05;11;3772;21;128;2;0;0;0
JW017.metabat.16;"d__Bacteria;p__Chloroflexota;c__Chloroflexia;o__Chloroflexales;f__Herpetosiphonaceae;g__JACDGP01;s__";k__Bacteria (UID1452);924;161;110;94,24;1,82;0;4672494;0;638;638;9847;9847;7323;7323;40482;40482;63;2,48;89,27;11;4627;7;152;2;0;0;0
JW017.metabat.18;"d__Bacteria;p__Actinomycetota;c__Actinomycetia;o__Actinomycetales;f__Dermatophilaceae;g__Intrasporangium_A;s__ ";o__Actinomycetales (UID1663);488;310;185;94,81;1,23;60;3854694;0;347;347;18363;18363;11108;11108;93146;93146;71,3;1,54;91,01;11;3769;18;287;5;0;0;0
JW017.metabat.19;"d__Bacteria;p__Actinomycetota;c__Actinomycetia;o__Actinomycetales;f__Quadrisphaeraceae;g__;s__ ";o__Actinomycetales (UID1663);488;310;185;75,11;5,37;16,67;3739374;0;424;424;13327;13327;8819;8819;44781;44781;69,9;1,92;91,11;11;3821;86;210;12;2;0;0
JW017.metabat.6;"d__Bacteria;p__Chloroflexota;c__UBA5177;o__UBA5177;f__UBA5177;g__;s__";k__Bacteria (UID1452);924;151;101;65,35;1,08;0;2103464;0;628;628;3623;3623;3349;3349;15827;15827;64;1,3;91,34;11;2493;55;94;2;0;0;0
JW018.maxbin.004;"d__Bacteria;p__Cyanobacteriota;c__Cyanobacteriia;o__Cyanobacteriales;f__Coleofasciculaceae;g__CADCTM01;s__";p__Cyanobacteria (UID2189);82;579;450;98,89;2,28;7,14;7559506;0;667;667;21011;21011;11333;11333;98501;98501;46,6;2,53;83,62;11;6956;5;562;11;1;0;0
JW018.metabat.12;"d__Bacteria;p__Actinomycetota;c__Rubrobacteria;o__Rubrobacterales;f__Rubrobacteraceae;g__SCSIO-52915;s__";p__Actinobacteria (UID1454);732;196;114;70,82;1,61;66,67;2228128;0;705;705;3498;3498;3160;3160;21822;21822;61,7;2;87,65;11;2802;50;143;3;0;0;0
JW018.metabat.13;"d__Bacteria;p__Actinomycetota;c__Rubrobacteria;o__Rubrobacterales;f__Rubrobacteraceae;g__SCSIO-52915;s__";p__Actinobacteria (UID1454);732;196;114;98,25;0,88;0;3067820;0;254;254;18107;18107;12078;12078;66539;66539;59,5;2,26;81,98;11;3305;2;193;1;0;0;0
JW018.metabat.7;"d__Bacteria;p__Actinomycetota;c__Thermoleophilia;o__Solirubrobacterales;f__Solirubrobacteraceae;g__Palsa-465;s__";p__Actinobacteria (UID1454);732;200;117;95,04;0,43;100;3310777;0;259;259;19570;19570;12782;12782;83597;83597;68,5;1,56;92,72;11;3493;12;187;1;0;0;0
JW020.maxbin.002_sub;"d__Bacteria;p__Chloroflexota;c__Chloroflexia;o__Chloroflexales;f__Herpetosiphonaceae;g__JACDGP01;s__";k__Bacteria (UID1452);924;161;110;60,92;1,63;50;3104055;0;1240;1240;2509;2509;2503;2503;11473;11473;61,4;1,72;88,74;11;3735;59;98;4;0;0;0
JW020.metabat.5;"d__Bacteria;p__Chloroflexota;c__UBA5177;o__UBA5177;f__UBA5177;g__;s__";k__Bacteria (UID1452);924;151;101;59,08;2,16;20;2850392;0;1036;1036;2866;2866;2751;2751;10217;10217;63,4;1,52;90,2;11;3499;62;86;2;1;0;0
JW022.metabat.5;"d__Bacteria;p__Actinomycetota;c__Actinomycetia;o__Propionibacteriales;f__Propionibacteriaceae;g__;s__ ";o__Actinomycetales (UID1697);387;330;193;92,93;3,17;0;3492110;0;384;384;14094;14094;9094;9094;66194;66194;67,8;1,31;90,98;11;3597;39;277;14;0;0;0
JW022.metabat.9;"d__Bacteria;p__Pseudomonadota;c__Alphaproteobacteria;o__Acetobacterales;f__Acetobacteraceae;g__;s__ ";o__Rhodospirillales (UID3754);63;336;201;81,4;0,7;15,38;4137350;0;1129;1129;4217;4217;3664;3664;38605;38605;70,1;2,08;89,33;11;4642;62;261;13;0;0;0
JW023.metabat.4;"d__Bacteria;p__Actinomycetota;c__Actinomycetia;o__Propionibacteriales;f__Nocardioidaceae;g__JABFXA01;s__";o__Actinomycetales (UID1697);387;330;193;61,36;5,1;18,75;3409610;0;1247;1247;2836;2836;2734;2734;12173;12173;69,5;1,75;90,78;11;4174;123;193;13;1;0;0
JW024.maxbin.001;"d__Bacteria;p__Acidobacteriota;c__Thermoanaerobaculia;o__Gp7-AA8;f__Gp7-AA8;g__;s__";k__Bacteria (UID3187);2258;188;117;57,67;2,33;80;3634800;0;1430;1430;2566;2566;2541;2541;31608;31608;66,2;2,23;93,1;11;4417;80;103;5;0;0;0
JW025.metabat.2;"d__Bacteria;p__Actinomycetota;c__Rubrobacteria;o__Rubrobacterales;f__Rubrobacteraceae;g__SCSIO-52915;s__";p__Actinobacteria (UID1454);732;196;114;97,37;0,88;0;2627077;0;302;302;13372;13372;8698;8698;67057;67057;61,2;2,11;84,5;11;2913;5;190;1;0;0;0
JW026.metabat.4;"d__Bacteria;p__Actinomycetota;c__Rubrobacteria;o__Rubrobacterales;f__Rubrobacteraceae;g__SCSIO-52915;s__";p__Actinobacteria (UID1454);732;196;114;95,54;0,88;0;2700948;0;294;294;14048;14048;9186;9186;77608;77608;61;2,31;83,75;11;3006;7;188;1;0;0;0
JW026.metabat.7;"d__Bacteria;p__Cyanobacteriota;c__Cyanobacteriia;o__Cyanobacteriales;f__Microcoleaceae;g__Microcoleus;s__ ";p__Cyanobacteria (UID2192);79;583;457;51,66;0,44;100;2979350;0;924;924;3465;3465;3224;3224;13105;13105;46,6;2,3;81,95;11;3004;275;306;2;0;0;0
JW027.maxbin.001;"d__Bacteria;p__Actinomycetota;c__Rubrobacteria;o__Rubrobacterales;f__Rubrobacteraceae;g__SCSIO-52915;s__";p__Actinobacteria (UID1454);732;196;114;90,58;4,46;43,75;2244534;0;314;314;11737;11737;7148;7148;65440;65440;61,2;1,36;84,56;11;2544;19;161;16;0;0;0
JW029.maxbin.001;"d__Bacteria;p__Actinomycetota;c__Rubrobacteria;o__Rubrobacterales;f__Rubrobacteraceae;g__SIRX01;s__";p__Actinobacteria (UID1454);732;196;114;92,98;1,49;66,67;2880883;0;532;532;8929;8929;5415;5415;62212;62212;59,7;2,65;90,08;11;3273;19;174;3;0;0;0
JW031.metabat.11;"d__Bacteria;p__Chloroflexota;c__Chloroflexia;o__Thermomicrobiales;f__UBA6265;g__JACCVC01;s__";k__Bacteria (UID1452);924;158;106;94,34;1,99;50;3373699;0;450;450;10666;10666;7497;7497;55257;55257;61,9;1,51;86,9;11;3309;6;148;4;0;0;0
JW031.metabat.14;"d__Archaea;p__Halobacteriota;c__Halobacteria;o__Halobacteriales;f__Halococcaceae;g__Halococcus;s__ ";f__Halobacteriaceae (UID84);60;359;235;89,65;0,85;50;2297485;0;360;360;9468;9468;6381;6381;39948;39948;64,7;1,65;89,81;11;2603;41;316;2;0;0;0
JW031.metabat.15;"d__Bacteria;p__Gemmatimonadota;c__Gemmatimonadetes;o__Longimicrobiales;f__Longimicrobiaceae;g__;s__ ";k__Bacteria (UID2495);2993;147;91;93,49;3,36;20;3579966;0;620;620;7767;7767;5774;5774;52533;52533;66,8;1,64;91,12;11;3592;11;131;5;0;0;0
JW031.metabat.21;"d__Bacteria;p__Bacteroidota;c__Rhodothermia;o__Rhodothermales;f__JAHEMB01;g__;s__";k__Bacteria (UID2570);433;265;177;80,11;4,16;38,46;3985619;0;1001;1001;4765;4765;3981;3981;22676;22676;65,9;1,86;87,27;11;3977;46;206;13;0;0;0
JW031.metabat.24;"d__Bacteria;p__Chloroflexota;c__Chloroflexia;o__Thermomicrobiales;f__UBA6265;g__JACCVC01;s__";k__Bacteria (UID1452);924;158;106;84,77;3,41;40;2850680;0;665;665;5164;5164;4286;4286;20067;20067;67,6;1,64;87,15;11;2980;22;131;5;0;0;0
JW031.metabat.3;"d__Bacteria;p__Pseudomonadota;c__Alphaproteobacteria;o__Sphingomonadales;f__Sphingomonadaceae;g__Sphingomicrobium;s__ ";c__Alphaproteobacteria (UID3305);564;345;226;73,7;3,86;58,33;1860892;0;512;512;4263;4263;3634;3634;19785;19785;65,1;1,42;92,48;11;2227;103;230;12;0;0;0
JW031.metabat.6;"d__Bacteria;p__Deinococcota;c__Deinococci;o__Deinococcales;f__Trueperaceae;g__;s__ ";k__Bacteria (UID2142);169;316;236;56,33;3,48;27,27;2093942;0;657;657;3480;3480;3187;3187;11615;11615;61,3;1,93;90,34;11;2442;124;181;11;0;0;0
JW031.metabat.8;"d__Bacteria;p__Actinomycetota;c__Thermoleophilia;o__Solirubrobacterales;f__70-9;g__;s__";p__Actinobacteria (UID1454);732;199;116;67,77;4,31;10;1698728;0;568;568;3210;3210;2990;2990;15656;15656;68;1,52;91,83;11;2052;61;132;4;2;0;0
JW032.maxbin.001;"d__Bacteria;p__Actinomycetota;c__Rubrobacteria;o__Rubrobacterales;f__Rubrobacteraceae;g__SIRX01;s__";p__Actinobacteria (UID1454);732;196;114;89,21;2,13;50;2586043;0;381;381;12111;12111;6787;6787;49925;49925;59,5;2,05;90,94;11;2893;30;160;6;0;0;0
JW032.metabat.12;"d__Bacteria;p__Deinococcota;c__Deinococci;o__Deinococcales;f__Trueperaceae;g__Truepera;s__ ";k__Bacteria (UID2142);169;316;236;65,93;1,69;20;2207990;0;612;612;4037;4037;3607;3607;16734;16734;58,6;1,98;90,11;11;2542;95;216;5;0;0;0
JW032.metabat.2;"d__Bacteria;p__Actinomycetota;c__Rubrobacteria;o__Rubrobacterales;f__Rubrobacteraceae;g__Rubrobacter_D;s__ ";p__Actinobacteria (UID1454);732;196;114;80,64;1,61;100;3667510;0;491;491;11797;11797;7469;7469;90107;90107;65,7;1,97;87,06;11;3984;51;142;3;0;0;0
JW032.metabat.5;"d__Bacteria;p__Gemmatimonadota;c__Gemmatimonadetes;o__Longimicrobiales;f__Longimicrobiaceae;g__Longimicrobium;s__ ";k__Bacteria (UID2495);2993;147;91;67,2;2,2;0;4265644;0;1364;1364;3449;3449;3127;3127;12987;12987;71;2,49;87,92;11;4692;56;89;2;0;0;0
JW035.maxbin.001;"d__Bacteria;p__Gemmatimonadota;c__Gemmatimonadetes;o__Longimicrobiales;f__Longimicrobiaceae;g__;s__ ";k__Bacteria (UID2495);2993;147;91;61,75;2,43;0;2433027;0;874;874;2881;2881;2783;2783;15323;15323;64,7;2,16;92,88;11;2909;53;89;5;0;0;0
JW036.metabat.10;"d__Bacteria;p__Gemmatimonadota;c__Gemmatimonadetes;o__Longimicrobiales;f__Longimicrobiaceae;g__JAFAYN01;s__";k__Bacteria (UID2495);2993;147;91;93,46;3,3;0;6639534;0;866;866;11155;11155;7666;7666;73738;73738;72,8;2,65;88,43;11;5824;12;132;3;0;0;0
JW036.metabat.15;"d__Bacteria;p__Chloroflexota;c__Chloroflexia;o__Thermomicrobiales;f__UBA6265;g__JACCVC01;s__";k__Bacteria (UID1452);924;158;106;81,7;0,94;100;3024909;0;694;694;5194;5194;4358;4358;28704;28704;61,9;1,6;86,81;11;3199;34;123;1;0;0;0
JW036.metabat.16;"d__Bacteria;p__Gemmatimonadota;c__Gemmatimonadetes;o__Longimicrobiales;f__Longimicrobiaceae;g__Longimicrobium;s__ ";k__Bacteria (UID2495);2993;147;91;63,05;0;0;3171282;0;1161;1161;2812;2812;2731;2731;12750;12750;73,7;1,95;91,54;11;3613;45;102;0;0;0;0
JW036.metabat.6;"d__Bacteria;p__Gemmatimonadota;c__Gemmatimonadetes;o__Longimicrobiales;f__Longimicrobiaceae;g__;s__ ";k__Bacteria (UID2495);2993;147;91;80,63;2,2;0;2321721;0;691;691;3605;3605;3359;3359;22822;22822;64,9;1,5;93,5;11;2730;27;118;2;0;0;0
JW036.metabat.9;"d__Bacteria;p__Actinomycetota;c__Rubrobacteria;o__Rubrobacterales;f__Rubrobacteraceae;g__SCSIO-52915;s__";p__Actinobacteria (UID1454);732;196;114;78,22;8,63;23,08;3632140;0;1052;1052;3775;3775;3452;3452;16866;16866;63,4;2,16;85,33;11;4548;50;133;13;0;0;0
JW040.metabat.1;"d__Bacteria;p__Pseudomonadota;c__Alphaproteobacteria;o__Acetobacterales;f__Acetobacteraceae;g__CADCTG01;s__";o__Rhodospirillales (UID3754);63;336;201;66,68;4,29;5,56;3293698;0;1276;1276;2616;2616;2581;2581;10113;10113;72,9;2;88,58;11;3889;116;207;12;0;1;0
JW040.metabat.11;"d__Bacteria;p__Actinomycetota;c__Thermoleophilia;o__Solirubrobacterales;f__Thermoleophilaceae;g__JAAYBF01;s__";p__Actinobacteria (UID1454);732;199;116;71,12;2,01;33,33;2327534;0;661;661;3998;3998;3521;3521;16284;16284;70,7;1,77;90,51;11;2836;74;122;3;0;0;0
JW044.maxbin.029;"d__Bacteria;p__Deinococcota;c__Deinococci;o__Deinococcales;f__Trueperaceae;g__;s__ ";k__Bacteria (UID2142);169;316;236;53,99;2,88;0;1862342;0;782;782;2344;2344;2381;2381;8969;8969;63,3;1,93;91;11;2290;141;163;12;0;0;0
JW044.metabat.15;"d__Bacteria;p__Actinomycetota;c__Rubrobacteria;o__Rubrobacterales;f__Rubrobacteraceae;g__SCSIO-52915;s__";p__Actinobacteria (UID1454);732;196;114;78,35;4,74;12,5;2128925;0;389;389;6475;6475;5472;5472;34817;34817;64,5;1,41;88,88;11;2499;54;134;8;0;0;0
JW045.metabat.7;"d__Bacteria;p__Actinomycetota;c__Rubrobacteria;o__Rubrobacterales;f__Rubrobacteraceae;g__Rubrobacter_D;s__ ";p__Actinobacteria (UID1454);732;196;114;61,76;0,44;100;1625740;0;515;515;3488;3488;3156;3156;13608;13608;64,3;1,59;92,37;11;1884;71;124;1;0;0;0
JW046.metabat.3;"d__Bacteria;p__Pseudomonadota;c__Alphaproteobacteria;o__Sphingomonadales;f__Sphingomonadaceae;g__Sphingomicrobium;s__ ";c__Alphaproteobacteria (UID3305);564;345;226;72,82;3,26;20;2073763;0;721;721;3020;3020;2876;2876;14770;14770;68,2;2,56;91,5;11;2561;110;225;10;0;0;0
JW047.maxbin.005;"d__Bacteria;p__Pseudomonadota;c__Alphaproteobacteria;o__Sphingomonadales;f__Sphingomonadaceae;g__Sphingomicrobium;s__ ";c__Alphaproteobacteria (UID3305);564;349;230;66,14;3,86;5,88;1948951;0;754;754;2657;2657;2584;2584;10685;10685;68,3;1,87;91,68;11;2492;114;218;17;0;0;0
JW048.maxbin.001_sub;"d__Bacteria;p__Actinomycetota;c__Rubrobacteria;o__Rubrobacterales;f__Rubrobacteraceae;g__SCSIO-52915;s__";p__Actinobacteria (UID1454);732;196;114;64,32;2,43;28,57;2355972;0;471;471;6843;6843;5002;5002;29895;29895;62,1;1,22;85,55;11;2884;67;122;7;0;0;0
JW048.metabat.1;"d__Bacteria;p__Actinomycetota;c__Rubrobacteria;o__Rubrobacterales;f__Rubrobacteraceae;g__Rubrobacter_D;s__ ";p__Actinobacteria (UID1454);732;196;114;76,62;3,51;0;2154014;0;536;536;4727;4727;4018;4018;21656;21656;64,1;1,57;89,48;11;2534;45;145;6;0;0;0
JW048.metabat.3;"d__Bacteria;p__Pseudomonadota;c__Alphaproteobacteria;o__Sphingomonadales;f__Sphingomonadaceae;g__Sphingomicrobium;s__ ";c__Alphaproteobacteria (UID3305);564;345;226;69,8;2,3;44,44;2042792;0;570;570;4108;4108;3583;3583;16865;16865;68,1;1,95;91,55;11;2425;101;235;9;0;0;0
JW057.metabat.1;"d__Archaea;p__Thermoproteota;c__Nitrososphaeria;o__Nitrososphaerales;f__Nitrososphaeraceae;g__TH5893;s__";k__Archaea (UID2);207;145;103;53,3;0;0;711343;0;225;225;3325;3325;3161;3161;15200;15200;41,6;1,59;85,17;11;889;67;78;0;0;0;0
JW057.metabat.5;"d__Bacteria;p__Actinomycetota;c__Actinomycetia;o__;f__;g__;s__ ";k__Bacteria (UID1453);901;171;117;52,31;0,85;0;2104111;0;944;944;2233;2233;2228;2228;7995;7995;72,9;2,47;92,16;11;2699;71;98;2;0;0;0
JW058.maxbin.002;"d__Archaea;p__Thermoproteota;c__Nitrososphaeria;o__Nitrososphaerales;f__Nitrososphaeraceae;g__Nitrososphaera;s__ ";k__Archaea (UID2);207;145;103;77,11;3,96;20;1284126;0;454;454;3123;3123;2828;2828;14504;14504;52,5;3,99;86,41;11;1833;31;109;5;0;0;0
JW058.metabat.5;"d__Archaea;p__Thermoproteota;c__Nitrososphaeria;o__Nitrososphaerales;f__Nitrososphaeraceae;g__TH5893;s__";k__Archaea (UID2);207;145;103;78,64;6,47;11,11;1382198;0;486;486;2895;2895;2844;2844;12865;12865;40,5;2,63;83,07;11;1747;25;111;9;0;0;0
JW062.metabat.4;"d__Archaea;p__Thermoproteota;c__Nitrososphaeria;o__Nitrososphaerales;f__Nitrososphaeraceae;g__Nitrososphaera;s__ ";k__Archaea (UID2);207;145;103;81,16;2,91;66,67;1290130;0;327;327;4429;4429;3945;3945;17542;17542;51,7;1,94;85,88;11;1815;25;117;3;0;0;0
JW071.metabat.6;"d__Archaea;p__Thermoproteota;c__Nitrososphaeria;o__Nitrososphaerales;f__Nitrososphaeraceae;g__Nitrososphaera;s__ ";k__Archaea (UID2);207;145;103;78,57;2,43;25;1491867;0;377;377;4435;4435;3957;3957;21283;21283;42,1;1,98;81,27;11;1857;26;115;4;0;0;0
JW072.maxbin.002;"d__Archaea;p__Thermoproteota;c__Nitrososphaeria;o__Nitrososphaerales;f__Nitrososphaeraceae;g__Nitrososphaera;s__ ";k__Archaea (UID2);207;145;103;68,93;9,76;34,78;2373873;0;935;935;2506;2506;2538;2538;27223;27223;43,1;3,77;80,94;11;3101;41;85;17;2;0;0
JW072.metabat.7;"d__Bacteria;p__Acidobacteriota;c__Blastocatellia;o__Pyrinomonadales;f__Pyrinomonadaceae;g__JAIVJZ01;s__";k__Bacteria (UID3187);2258;188;117;69,86;2,18;25;3650675;0;1044;1044;4029;4029;3496;3496;18373;18373;63,8;2,26;88,4;11;3423;48;136;4;0;0;0
JW074.metabat.1;"d__Archaea;p__Thermoproteota;c__Nitrososphaeria;o__Nitrososphaerales;f__Nitrososphaeraceae;g__Nitrososphaera;s__ ";k__Archaea (UID2);207;145;103;80,75;6,31;25;1079541;0;312;312;3754;3754;3460;3460;13761;13761;43,1;1,56;86,87;11;1316;27;110;8;0;0;0
JW074.metabat.5;"d__Bacteria;p__Acidobacteriota;c__Blastocatellia;o__Pyrinomonadales;f__Pyrinomonadaceae;g__JAIVJZ01;s__";k__Bacteria (UID3187);2258;188;117;52;0,48;0;3465019;0;1123;1123;3333;3333;3085;3085;19701;19701;62,5;2,33;87,86;11;3468;86;100;2;0;0;0
JW075.metabat.3;"d__Bacteria;p__Actinomycetota;c__Rubrobacteria;o__Rubrobacterales;f__Rubrobacteraceae;g__SCSIO-52915;s__";p__Actinobacteria (UID1454);732;196;114;55,73;2,92;40;1644222;0;551;551;3144;3144;2984;2984;11635;11635;63,5;1,9;88,03;11;2087;83;110;2;1;0;0
JW076.maxbin.003;"d__Bacteria;p__Actinomycetota;c__Rubrobacteria;o__Rubrobacterales;f__Rubrobacteraceae;g__;s__ ";p__Actinobacteria (UID1454);732;196;114;85,67;6,98;0;3172389;0;662;662;6790;6790;4792;4792;34330;34330;64,5;1,32;88,09;11;3621;27;158;11;0;0;0
JW076.metabat.10;"d__Bacteria;p__Actinomycetota;c__Thermoleophilia;o__Solirubrobacterales;f__Thermoleophilaceae;g__;s__ ";p__Actinobacteria (UID1454);732;199;116;87,9;1,08;100;2358223;0;322;322;10499;10499;7323;7323;46979;46979;71,8;1,44;92,94;11;2626;26;171;2;0;0;0
JW076.metabat.4;"d__Bacteria;p__Actinomycetota;c__Actinomycetia;o__Propionibacteriales;f__Nocardioidaceae;g__WHTJ01;s__";o__Actinomycetales (UID1697);387;330;193;77,96;2,76;33,33;3199020;0;755;755;5055;5055;4237;4237;28375;28375;71,6;2,03;90,62;11;3700;81;243;6;0;0;0
JW077.maxbin.001;"d__Archaea;p__Thermoproteota;c__Nitrososphaeria;o__Nitrososphaerales;f__Nitrososphaeraceae;g__Nitrososphaera;s__ ";k__Archaea (UID2);207;145;103;92,01;6,31;37,5;2227564;0;667;667;3842;3842;3339;3339;18980;18980;42,1;3,16;78,45;11;2894;12;125;8;0;0;0
JW078.metabat.14;"d__Bacteria;p__Acidobacteriota;c__Terriglobia;o__Bryobacterales;f__Bryobacteraceae;g__;s__ ";k__Bacteria (UID3187);2258;185;115;61,7;0,87;0;3241293;0;463;463;7670;7670;7000;7000;21451;21451;56,7;1,28;91,64;11;3176;67;117;1;0;0;0
JW078.metabat.15;"d__Bacteria;p__Acidobacteriota;c__Thermoanaerobaculia;o__Gp7-AA8;f__Gp7-AA8;g__;s__";k__Bacteria (UID3187);2258;188;117;85,02;1,71;0;5739286;0;616;616;12148;12148;9317;9317;46111;46111;66,3;1,29;90,49;11;4979;54;132;2;0;0;0
JW078.metabat.24;"d__Bacteria;p__Actinomycetota;c__Actinomycetia;o__Actinomycetales;f__Microbacteriaceae;g__SCRE01;s__";o__Actinomycetales (UID1593);69;400;198;94,86;0,67;33,33;3041589;0;193;193;25625;25625;15759;15759;106448;106448;65,7;1,54;91,05;11;2970;31;366;3;0;0;0
JW078.metabat.3;"d__Bacteria;p__Actinomycetota;c__Actinomycetia;o__Mycobacteriales;f__Pseudonocardiaceae;g__GCA-003244245;s__";o__Actinomycetales (UID2012);35;495;282;90,44;4,95;30,43;3468969;0;445;445;10645;10645;7795;7795;40147;40147;66,7;1,81;88,32;11;3702;48;426;20;1;0;0
JW082.metabat.4;"d__Bacteria;p__Gemmatimonadota;c__Gemmatimonadetes;o__Gemmatimonadales;f__Gemmatimonadaceae;g__;s__ ";k__Bacteria (UID2495);2993;147;91;63,39;2,2;0;2527516;0;827;827;3299;3299;3056;3056;11089;11089;66,6;1,67;93,79;11;2871;54;91;2;0;0;0
JW082.metabat.6;"d__Bacteria;p__Actinomycetota;c__Thermoleophilia;o__Solirubrobacterales;f__70-9;g__JAJKHV01;s__";p__Actinobacteria (UID1454);732;199;116;56,89;1,15;50;1769148;0;495;495;3921;3921;3574;3574;30190;30190;68,2;1,94;92,55;11;2164;91;106;2;0;0;0
JW082.metabat.8;"d__Bacteria;p__Pseudomonadota;c__Alphaproteobacteria;o__Sphingomonadales;f__Sphingomonadaceae;g__Sphingomicrobium;s__ ";c__Alphaproteobacteria (UID3305);564;345;226;84,49;2,88;50;1978740;0;375;375;7033;7033;5276;5276;27687;27687;64,8;1,47;92,91;11;2280;60;277;8;0;0;0
JW084.maxbin.003;"d__Bacteria;p__Actinomycetota;c__Actinomycetia;o__Mycobacteriales;f__QHCE01;g__JABFVL01;s__";o__Actinomycetales (UID1663);488;309;185;95,06;1,08;0;2884000;0;586;586;9230;9230;4921;4921;43202;43202;58,2;2,85;85,96;11;3281;14;290;5;0;0;0
JW087.maxbin.001;"d__Bacteria;p__Actinomycetota;c__;o__;f__;g__;s__ ";k__Bacteria (UID1453);901;171;117;86;3,42;25;3811145;0;1020;1020;4449;4449;3736;3736;26437;26437;74;1,95;91,23;11;4460;35;132;4;0;0;0
JW089.metabat.2;"d__Bacteria;p__Pseudomonadota;c__Alphaproteobacteria;o__Rhizobiales;f__Xanthobacteraceae;g__VAZQ01;s__VAZQ01 sp005883135";o__Rhizobiales (UID3642);107;485;316;88,25;6,12;14,71;4785935;0;988;988;6166;6166;4844;4844;31868;31868;64,4;2,41;87,36;11;5146;71;392;19;1;2;0
JW094.metabat.1;"d__Bacteria;p__Actinomycetota;c__UBA4738;o__UBA4738;f__HRBIN12;g__;s__";k__Bacteria (UID1453);901;171;117;77,48;2,14;25;1646035;0;572;572;2985;2985;2877;2877;9360;9360;70;1,77;93,61;11;2081;44;123;4;0;0;0
JW094.metabat.2;"d__Bacteria;p__Pseudomonadota;c__Alphaproteobacteria;o__Rhizobiales;f__Xanthobacteraceae;g__VAZQ01;s__VAZQ01 sp005883135";o__Rhizobiales (UID3642);107;485;316;60,66;4,35;36,84;3533587;0;1286;1286;2852;2852;2747;2747;15214;15214;64,8;2,07;88,75;11;4203;178;288;19;0;0;0
JW098.metabat.4;"d__Bacteria;p__Pseudomonadota;c__Alphaproteobacteria;o__Rhizobiales;f__Xanthobacteraceae;g__VAZQ01;s__VAZQ01 sp005883135";o__Rhizobiales (UID3642);107;485;316;72,98;2,88;33,33;3743494;0;1210;1210;3317;3317;3093;3093;21214;21214;64,9;2,06;88,86;11;4325;139;333;12;1;0;0
JW100.metabat.1;"d__Bacteria;p__Pseudomonadota;c__Alphaproteobacteria;o__Rhizobiales;f__Xanthobacteraceae;g__VAZQ01;s__VAZQ01 sp005883445";o__Rhizobiales (UID3642);107;485;316;64,19;0,92;20;3511469;0;1205;1205;3064;3064;2914;2914;16736;16736;64,9;2,41;89,58;11;3865;171;309;5;0;0;0
JW103.maxbin.001;"d__Bacteria;p__Actinomycetota;c__UBA4738;o__UBA4738;f__HRBIN12;g__;s__";k__Bacteria (UID1453);901;171;117;68,55;9,17;22,22;2291665;0;751;751;3436;3436;3051;3051;15733;15733;69,4;1,77;92,48;11;2932;57;98;15;1;0;0
JW107.metabat.1;"d__Bacteria;p__Actinomycetota;c__UBA4738;o__UBA4738;f__HRBIN12;g__;s__";k__Bacteria (UID1453);901;171;117;52,28;8,96;0;1569713;0;709;709;2136;2136;2213;2213;8032;8032;69,2;1,92;92,64;11;2173;81;74;15;1;0;0
JW109.metabat.1;"d__Bacteria;p__Pseudomonadota;c__Alphaproteobacteria;o__Rhizobiales;f__Xanthobacteraceae;g__VAZQ01;s__";o__Rhizobiales (UID3642);107;485;316;56,37;3,33;29,41;4761368;0;1823;1823;2643;2643;2611;2611;11421;11421;66,1;2,5;88,05;11;5689;214;254;17;0;0;0
JW111.maxbin.002;"d__Bacteria;p__Verrucomicrobiota;c__Verrucomicrobiae;o__Chthoniobacterales;f__JAFAMB01;g__;s__";k__Bacteria (UID2982);88;230;148;62,96;2,87;40;4047208;0;1616;1616;2471;2471;2504;2504;22942;22942;55;2,46;85,67;11;4893;75;150;5;0;0;0
JW114.metabat.4;"d__Bacteria;p__Actinomycetota;c__UBA4738;o__UBA4738;f__HRBIN12;g__;s__";k__Bacteria (UID1453);901;171;117;94,15;2,64;0;2314671;0;419;419;7290;7290;5524;5524;30593;30593;70,1;1,64;93,18;11;2630;13;154;4;0;0;0
JW114.metabat.7;"d__Bacteria;p__Actinomycetota;c__Thermoleophilia;o__Solirubrobacterales;f__70-9;g__;s__";p__Actinobacteria (UID1454);732;199;116;76,36;1,15;66,67;2121914;0;582;582;4320;4320;3645;3645;17898;17898;69,2;1,51;92,98;11;2628;56;140;3;0;0;0
JW115.metabat.6;"d__Bacteria;p__Pseudomonadota;c__Alphaproteobacteria;o__Rhizobiales;f__Xanthobacteraceae;g__VAZQ01;s__VAZQ01 sp005883135";o__Rhizobiales (UID3642);107;485;316;83,32;4,39;66,67;5148384;0;1111;1111;5960;5960;4634;4634;36775;36775;64,4;2,4;87,73;11;5480;78;377;30;0;0;0
JW116.metabat.4;"d__Bacteria;p__Pseudomonadota;c__Alphaproteobacteria;o__Rhizobiales;f__Xanthobacteraceae;g__VAZQ01;s__VAZQ01 sp005883135";o__Rhizobiales (UID3642);107;485;316;82,76;2,11;33,33;4910231;0;929;929;7007;7007;5285;5285;47481;47481;64,5;2,25;88,05;11;5151;93;383;9;0;0;0
JW119.maxbin.001;"d__Bacteria;p__Pseudomonadota;c__Alphaproteobacteria;o__Rhizobiales;f__Xanthobacteraceae;g__VAZQ01;s__VAZQ01 sp005883135";o__Rhizobiales (UID3642);107;485;316;72,01;1,82;44,44;3718460;0;982;982;4242;4242;3786;3786;48041;48041;65,2;2,07;89,83;11;4014;124;352;9;0;0;0
JW119.metabat.1;"d__Bacteria;p__Actinomycetota;c__Thermoleophilia;o__Solirubrobacterales;f__70-9;g__;s__";p__Actinobacteria (UID1454);732;199;116;70,18;0,43;0;1674472;0;358;358;6109;6109;4677;4677;16674;16674;69,1;1,44;93,32;11;2036;68;130;1;0;0;0
JW121.metabat.3;"d__Bacteria;p__Acidobacteriota;c__Blastocatellia;o__UBA7656;f__UBA7656;g__JADGNW01;s__";k__Bacteria (UID3187);2258;188;117;97,44;6,84;0;6808503;0;182;182;57865;57865;37409;37409;179528;179528;61,4;1,72;91,26;11;5486;3;177;7;1;0;0
JW123.maxbin.005_sub;"d__Bacteria;p__Pseudomonadota;c__Alphaproteobacteria;o__Rhizobiales;f__Xanthobacteraceae;g__Pseudolabrys;s__ ";o__Rhizobiales (UID3642);107;485;316;57,04;8,18;9,52;6617033;0;2797;2797;2264;2264;2365;2365;44271;44271;60,1;2,13;84,46;11;8724;208;246;27;3;1;0
JW127.metabat.7;"d__Bacteria;p__Pseudomonadota;c__Alphaproteobacteria;o__Rhizobiales;f__Xanthobacteraceae;g__VAZQ01;s__";o__Rhizobiales (UID3642);107;485;316;71,39;7,26;27,5;3502349;0;1271;1271;2828;2828;2755;2755;12127;12127;64,1;2,11;88,07;11;4185;131;318;34;2;0;0
JW128.maxbin.002;"d__Archaea;p__Thermoproteota;c__Nitrososphaeria;o__Nitrososphaerales;f__Nitrososphaeraceae;g__TH5896;s__";k__Archaea (UID2);207;145;103;81,23;6,31;0;2225367;0;809;809;2806;2806;2750;2750;15412;15412;37,3;2,82;71,9;11;2774;24;111;10;0;0;0
JW129.metabat.5;"d__Archaea;p__Thermoproteota;c__Nitrososphaeria;o__Nitrososphaerales;f__Nitrososphaeraceae;g__TH5893;s__";k__Archaea (UID2);207;145;103;50,41;3,51;38,46;640383;0;201;201;3406;3406;3185;3185;12132;12132;39,8;1,38;83,77;11;807;72;62;10;1;0;0
JW129.metabat.7;"d__Archaea;p__Thermoproteota;c__Nitrososphaeria;o__Nitrososphaerales;f__Nitrososphaeraceae;g__TH5893;s__";k__Archaea (UID2);207;145;103;84,39;1,94;0;1037072;0;120;120;11620;11620;8642;8642;62707;62707;41,6;1,57;83,46;11;1182;23;119;3;0;0;0
JW129.metabat.8;"d__Bacteria;p__Actinomycetota;c__Actinomycetia;o__Propionibacteriales;f__Propionibacteriaceae;g__JAJTCL01;s__";o__Actinomycetales (UID1697);387;330;193;61,69;2,29;57,14;2375883;0;903;903;2757;2757;2631;2631;11759;11759;64;1,59;90,04;11;2962;126;197;7;0;0;0
JW130.metabat.1;"d__Bacteria;p__Acidobacteriota;c__Blastocatellia;o__UBA7656;f__UBA7656;g__JADGNW01;s__";k__Bacteria (UID3187);2258;188;117;95,73;4,32;14,29;7202069;0;379;379;29790;29790;19002;19002;158065;158065;58,2;2,25;87,95;11;5630;6;175;7;0;0;0
JW130.metabat.3;"d__Bacteria;p__Acidobacteriota;c__Blastocatellia;o__Pyrinomonadales;f__Pyrinomonadaceae;g__;s__ ";k__Bacteria (UID3187);2258;188;117;83,14;4,49;0;4661542;0;1012;1012;5555;5555;4606;4606;21605;21605;58,6;1,95;88,86;11;4425;36;144;8;0;0;0
JW131.metabat.4;"d__Bacteria;p__Actinomycetota;c__Thermoleophilia;o__Solirubrobacterales;f__Solirubrobacteraceae;g__Palsa-465;s__";p__Actinobacteria (UID1454);732;200;117;80,47;0,57;100;5349862;0;1246;1246;5265;5265;4293;4293;28299;28299;69,4;1,94;89,27;11;6143;53;145;2;0;0;0
JW132.metabat.1;"d__Bacteria;p__Pseudomonadota;c__Alphaproteobacteria;o__Rhizobiales;f__Xanthobacteraceae;g__VAZQ01;s__VAZQ01 sp005883135";o__Rhizobiales (UID3642);107;485;316;67,9;4,22;44,44;4696099;0;1478;1478;3455;3455;3177;3177;24267;24267;64,5;2,36;88,05;11;5289;157;312;15;1;0;0
JW134.metabat.2_sub;"d__Bacteria;p__Actinomycetota;c__Thermoleophilia;o__Solirubrobacterales;f__Thermoleophilaceae;g__JAAYBF01;s__";p__Actinobacteria (UID1454);732;199;116;65,76;1,9;0;2259769;0;464;464;5944;5944;4870;4870;21428;21428;69,1;1,3;92,73;11;2615;79;117;3;0;0;0
JW135.metabat.1;"d__Bacteria;p__Acidobacteriota;c__Blastocatellia;o__Pyrinomonadales;f__Pyrinomonadaceae;g__QHXM01;s__";k__Bacteria (UID3187);2258;188;117;86,66;9,62;12,5;6033410;0;1080;1080;6873;6873;5586;5586;29577;29577;61,8;2,23;88,95;11;5449;28;146;13;1;0;0
JW135.metabat.3;"d__Bacteria;p__Acidobacteriota;c__Thermoanaerobaculia;o__UBA5704;f__JAIOJS01;g__;s__";k__Bacteria (UID3187);2258;188;117;92,21;3,75;12,5;6372931;0;933;933;9534;9534;6830;6830;36474;36474;71,1;2,05;91,67;11;5719;13;167;8;0;0;0
JW138.metabat.2;"d__Bacteria;p__Acidobacteriota;c__Thermoanaerobaculia;o__UBA5704;f__UBA5704;g__;s__";k__Bacteria (UID3187);2258;188;117;80,79;4,27;0;6866615;0;1493;1493;5611;5611;4599;4599;39280;39280;72,2;2,42;90,46;11;6316;42;133;13;0;0;0
JW138.metabat.7;"d__Bacteria;p__Acidobacteriota;c__Blastocatellia;o__Pyrinomonadales;f__Pyrinomonadaceae;g__;s__ ";k__Bacteria (UID3187);2258;188;117;87,48;5,18;12,5;4718357;0;641;641;10008;10008;7360;7360;41672;41672;58,8;1,58;88,96;11;4202;25;155;8;0;0;0
JW141.metabat.1;"d__Bacteria;p__Actinomycetota;c__Actinomycetia;o__Propionibacteriales;f__Nocardioidaceae;g__Nocardioides;s__ ";o__Actinomycetales (UID1697);387;329;192;77,48;8,9;14,63;3623370;0;720;720;6392;6392;5032;5032;38274;38274;71,6;1,68;91,74;11;4113;83;216;26;3;1;0
JW141.metabat.5;"d__Bacteria;p__Actinomycetota;c__UBA4738;o__CADDZG01;f__CADDZG01;g__;s__";k__Bacteria (UID1453);901;171;117;96,87;2,05;0;2592619;0;172;172;27677;27677;15073;15073;85124;85124;68,7;2,23;92,4;11;2631;9;158;4;0;0;0
JW143.metabat.9;"d__Bacteria;p__Actinomycetota;c__Rubrobacteria;o__Rubrobacterales;f__Rubrobacteraceae;g__SCSIO-52915;s__";p__Actinobacteria (UID1454);732;196;114;92,84;0;0;2880072;0;406;406;9286;9286;7093;7093;47249;47249;62,3;2,3;83,38;11;3172;11;185;0;0;0;0
JW144.metabat.6;"d__Bacteria;p__Acidobacteriota;c__Thermoanaerobaculia;o__UBA5704;f__UBA5704;g__UBA5704;s__";k__Bacteria (UID3187);2258;188;117;89,84;3,9;14,29;6243263;0;640;640;14746;14746;9755;9755;63692;63692;67,6;2,25;91,42;11;5519;23;160;4;1;0;0
JW144.metabat.7;"d__Archaea;p__Thermoproteota;c__Nitrososphaeria;o__Nitrososphaerales;f__Nitrososphaeraceae;g__Nitrososphaera;s__ ";k__Archaea (UID2);207;145;103;53,73;2,99;25;912710;0;346;346;2700;2700;2637;2637;10030;10030;43,5;1,88;85,28;11;1165;61;80;4;0;0;0
JW147.maxbin.007;"d__Bacteria;p__Pseudomonadota;c__Alphaproteobacteria;o__Rhizobiales;f__Xanthobacteraceae;g__VAZQ01;s__";o__Rhizobiales (UID3642);107;485;316;57,38;9,03;5,45;4182647;0;1614;1614;2593;2593;2591;2591;10843;10843;61,7;1,92;87,94;11;5133;195;252;31;6;1;0
JW147.metabat.2;"d__Bacteria;p__Actinomycetota;c__Thermoleophilia;o__Solirubrobacterales;f__Solirubrobacteraceae;g__AC-38;s__";p__Actinobacteria (UID1454);732;200;117;91,99;0,43;100;2488609;0;242;242;15890;15890;10283;10283;53919;53919;72,1;2,13;91,29;11;2734;23;176;1;0;0;0
JW148.maxbin.001;"d__Bacteria;p__Actinomycetota;c__Acidimicrobiia;o__Acidimicrobiales;f__AC-14;g__;s__";k__Bacteria (UID1453);901;171;117;96,32;4,27;12,5;3131825;0;297;297;23486;23486;10544;10544;69569;69569;72,7;1,91;92,09;11;3298;6;157;8;0;0;0
JW148.metabat.7;"d__Bacteria;p__Verrucomicrobiota;c__Verrucomicrobiae;o__Chthoniobacterales;f__UBA10450;g__AV69;s__";k__Bacteria (UID2982);88;230;148;56,88;0;0;1301500;0;429;429;3230;3230;3033;3033;19242;19242;61,3;1,23;91,91;11;1590;110;120;0;0;0;0
JW149.metabat.5;"d__Bacteria;p__Acidobacteriota;c__Thermoanaerobaculia;o__Gp7-AA8;f__Gp7-AA8;g__JAFAVZ01;s__";k__Bacteria (UID3187);2258;188;117;99,76;4,87;28,57;5948379;0;112;112;88683;88683;53110;53110;208068;208068;68,1;1,26;94,34;11;5333;5;176;7;0;0;0
JW149.metabat.9;"d__Bacteria;p__Actinomycetota;c__Rubrobacteria;o__Rubrobacterales;f__Rubrobacteraceae;g__SCSIO-52915;s__";p__Actinobacteria (UID1454);732;196;114;85,03;0;0;2066674;0;273;273;10141;10141;7570;7570;62084;62084;63,4;1,47;88,01;11;2247;30;166;0;0;0;0
JW151.maxbin.002_sub;"d__Bacteria;p__Actinomycetota;c__Rubrobacteria;o__Rubrobacterales;f__Rubrobacteraceae;g__SCSIO-52915;s__";p__Actinobacteria (UID1454);732;196;114;85,53;3,2;30;2547470;0;259;259;14613;14613;9835;9835;68391;68391;62,6;1,12;87,07;11;2779;24;162;10;0;0;0
JW151.metabat.1;"d__Bacteria;p__Actinomycetota;c__Actinomycetia;o__Mycobacteriales;f__Jatrophihabitantaceae;g__Jatrophihabitans;s__ ";o__Actinomycetales (UID1802);274;388;214;89,26;2,61;8,33;3951413;0;599;599;9469;9469;6596;6596;47320;47320;68,5;1,85;89,07;11;4306;50;328;9;1;0;0
JW151.metabat.12;"d__Bacteria;p__Actinomycetota;c__Rubrobacteria;o__Rubrobacterales;f__Rubrobacteraceae;g__SCSIO-52915;s__";p__Actinobacteria (UID1454);732;196;114;93,86;3,22;16,67;3013365;0;305;305;13027;13027;9879;9879;58714;58714;59,7;1,96;82,07;11;3304;8;182;6;0;0;0
JW151.metabat.7;"d__Bacteria;p__Actinomycetota;c__Thermoleophilia;o__Solirubrobacterales;f__Thermoleophilaceae;g__;s__ ";p__Actinobacteria (UID1454);732;199;116;80,05;7,1;14,29;2394497;0;580;580;5047;5047;4128;4128;19641;19641;70,9;2,91;83,85;11;3006;42;145;11;1;0;0
JW153.metabat.6;"d__Bacteria;p__Actinomycetota;c__Rubrobacteria;o__Rubrobacterales;f__Rubrobacteraceae;g__SCSIO-52915;s__";p__Actinobacteria (UID1454);732;196;114;91,52;7,46;12,5;4288853;0;1002;1002;4986;4986;4280;4280;48899;48899;62,1;2,07;82,15;11;5112;18;162;16;0;0;0
JW154.maxbin.001;"d__Bacteria;p__Pseudomonadota;c__Alphaproteobacteria;o__Rhizobiales;f__Xanthobacteraceae;g__VAZQ01;s__VAZQ01 sp005883135";o__Rhizobiales (UID3642);107;485;316;59,07;2,15;50;2694151;0;979;979;2823;2823;2751;2751;16207;16207;65,4;1,97;89,8;11;3171;203;270;12;0;0;0
JW155.metabat.5;"d__Bacteria;p__Actinomycetota;c__Rubrobacteria;o__Rubrobacterales;f__Rubrobacteraceae;g__SCSIO-52915;s__";p__Actinobacteria (UID1454);732;196;114;96,55;0;0;3084764;0;555;555;7095;7095;5558;5558;29118;29118;62,2;2,46;83,17;11;3488;7;189;0;0;0;0
JW155.metabat.7;"d__Bacteria;p__Acidobacteriota;c__Blastocatellia;o__UBA7656;f__UBA7656;g__JADGNW01;s__";k__Bacteria (UID3187);2258;188;117;92,88;6,59;7,69;6279170;0;652;652;14138;14138;9630;9630;47864;47864;63,9;2,21;90,65;11;5375;18;157;13;0;0;0
JW155.metabat.9;"d__Bacteria;p__Acidobacteriota;c__Blastocatellia;o__Pyrinomonadales;f__Pyrinomonadaceae;g__QHXM01;s__";k__Bacteria (UID3187);2258;188;117;90,44;5,35;22,22;4466655;0;530;530;11708;11708;8427;8427;35857;35857;55,1;1,34;89,92;11;4054;18;161;9;0;0;0
JW156.metabat.6;"d__Bacteria;p__Actinomycetota;c__Rubrobacteria;o__Rubrobacterales;f__Rubrobacteraceae;g__SCSIO-52915;s__";p__Actinobacteria (UID1454);732;196;114;96,61;1,32;50;2859047;0;342;342;12465;12465;8359;8359;56832;56832;59,8;2,22;82,84;11;3167;9;185;2;0;0;0
JW159.metabat.5;"d__Bacteria;p__Acidobacteriota;c__Thermoanaerobaculia;o__Gp7-AA8;f__Gp7-AA8;g__;s__";k__Bacteria (UID3187);2258;188;117;92,16;3,48;0;7046331;0;1165;1165;8192;8192;6048;6048;32508;32508;66,7;2,01;92,68;11;7123;20;160;7;1;0;0
JW163.metabat.1;"d__Bacteria;p__Actinomycetota;c__Actinomycetia;o__Propionibacteriales;f__Propionibacteriaceae;g__JAJTCL01;s__";o__Actinomycetales (UID1697);387;330;193;91,75;0,69;0;3516133;0;547;547;8537;8537;6428;6428;33904;33904;62,5;1,32;91,37;11;3720;26;302;2;0;0;0
JW163.metabat.5;"d__Bacteria;p__Actinomycetota;c__Thermoleophilia;o__Solirubrobacterales;f__70-9;g__;s__";p__Actinobacteria (UID1454);732;199;116;92,41;2,53;66,67;2625396;0;228;228;19618;19618;11514;11514;107750;107750;69,2;2,05;92,41;11;2807;17;178;3;1;0;0
